insert into public.reporters (id, telegram_user_id, full_name, phone_number, created_at) values
  ('11111111-1111-4111-8111-111111111111', 'tg_70412001', 'ليان أبو زيد', '+962790000101', now() - interval '7 days'),
  ('22222222-2222-4222-8222-222222222222', 'tg_70412002', 'أحمد الخطيب', '+962790000102', now() - interval '6 days'),
  ('33333333-3333-4333-8333-333333333333', 'tg_70412003', 'سارة العجلوني', '+962790000103', now() - interval '5 days'),
  ('44444444-4444-4444-8444-444444444444', 'tg_70412004', 'محمود الرواشدة', '+962790000104', now() - interval '4 days'),
  ('55555555-5555-4555-8555-555555555555', 'tg_70412005', 'نور حداد', '+962790000105', now() - interval '3 days'),
  ('66666666-6666-4666-8666-666666666666', 'tg_70412006', 'خالد النجار', '+962790000106', now() - interval '2 days'),
  ('77777777-7777-4777-8777-777777777777', 'tg_70412007', 'رنا الشوابكة', '+962790000107', now() - interval '1 day'),
  ('88888888-8888-4888-8888-888888888888', 'tg_70412008', 'يوسف بني مصطفى', '+962790000108', now())
on conflict (id) do nothing;

insert into public.reports (
  id,
  reporter_id,
  image_url,
  latitude,
  longitude,
  area,
  city,
  user_description,
  ai_category,
  ai_severity,
  ai_confidence,
  ai_validation_status,
  ai_validation_reason,
  ai_image_analysis,
  generated_complaint_arabic,
  public_status,
  created_at,
  updated_at
) values
  (
    'aaaaaaaa-1111-4111-8111-aaaaaaaaaaaa',
    '11111111-1111-4111-8111-111111111111',
    'https://images.unsplash.com/photo-1500530855697-b586d89ba3ee?auto=format&fit=crop&w=900&q=80',
    31.9539,
    35.9106,
    'البيادر',
    'عمان',
    'حفرة كبيرة قرب مدخل الحي',
    'حفرة طريق',
    'urgent',
    0.94,
    'approved',
    'الصورة واضحة والموقع داخل شارع عام',
    'تظهر حفرة عميقة في طبقة الإسفلت مع حواف متكسرة تشكل خطراً على المركبات والمشاة.',
    'نرجو من الجهات المختصة في أمانة عمان معالجة حفرة خطرة في منطقة البيادر، حيث تظهر في الطريق العام وتشكل خطراً مباشراً على السلامة المرورية.',
    'sent',
    now() - interval '2 hours',
    now() - interval '1 hour'
  ),
  (
    'aaaaaaaa-2222-4222-8222-aaaaaaaaaaaa',
    '22222222-2222-4222-8222-222222222222',
    'https://images.unsplash.com/photo-1486325212027-8081e485255e?auto=format&fit=crop&w=900&q=80',
    32.5556,
    35.8500,
    'الحي الشمالي',
    'إربد',
    'عمود إنارة لا يعمل منذ أسبوع',
    'إنارة عامة',
    'medium',
    0.87,
    'approved',
    'البلاغ قابل للتحقق من الصورة والوصف',
    'تظهر منطقة سكنية بإضاءة ضعيفة وعمود إنارة غير عامل.',
    'نرجو إصلاح عمود الإنارة المتعطل في الحي الشمالي في إربد بسبب ضعف الرؤية ليلاً وتأثيره على سلامة السكان.',
    'acknowledged',
    now() - interval '1 day',
    now() - interval '10 hours'
  ),
  (
    'aaaaaaaa-3333-4333-8333-aaaaaaaaaaaa',
    '33333333-3333-4333-8333-333333333333',
    'https://images.unsplash.com/photo-1518005020951-eccb494ad742?auto=format&fit=crop&w=900&q=80',
    32.0728,
    36.0870,
    'وسط البلد',
    'الزرقاء',
    'نفايات متراكمة بجانب الحاوية',
    'نظافة',
    'high',
    0.91,
    'approved',
    'الصورة تشير إلى تراكم واضح للنفايات',
    'تظهر نفايات متراكمة خارج الحاوية في شارع تجاري مزدحم.',
    'نرجو إزالة النفايات المتراكمة في وسط البلد في الزرقاء وتعزيز متابعة الحاويات في المنطقة حفاظاً على الصحة العامة.',
    'new',
    now() - interval '3 hours',
    now() - interval '3 hours'
  ),
  (
    'aaaaaaaa-4444-4444-8444-aaaaaaaaaaaa',
    '44444444-4444-4444-8444-444444444444',
    'https://images.unsplash.com/photo-1494526585095-c41746248156?auto=format&fit=crop&w=900&q=80',
    32.0392,
    35.7272,
    'شارع الستين',
    'السلط',
    'رصيف مكسور أمام مدرسة',
    'رصيف',
    'high',
    0.89,
    'pending',
    'بانتظار مراجعة إضافية لتأكيد الموقع',
    'تظهر حافة رصيف مكسورة قرب مدخل يبدو قريباً من مبنى عام.',
    'نرجو الكشف على الرصيف المتضرر في شارع الستين في السلط، خصوصاً أنه قريب من مسار مشاة يستخدمه الطلبة.',
    'new',
    now() - interval '5 hours',
    now() - interval '5 hours'
  ),
  (
    'aaaaaaaa-5555-4555-8555-aaaaaaaaaaaa',
    '55555555-5555-4555-8555-555555555555',
    'https://images.unsplash.com/photo-1500534314209-a25ddb2bd429?auto=format&fit=crop&w=900&q=80',
    31.1801,
    35.7047,
    'المزار الجنوبي',
    'الكرك',
    'إشارة مرورية تالفة',
    'سلامة مرورية',
    'urgent',
    0.96,
    'approved',
    'العطل واضح وقد يؤثر على حركة المرور',
    'تظهر إشارة مرورية متضررة عند تقاطع يحتاج إلى تنظيم واضح.',
    'نرجو إصلاح الإشارة المرورية المتضررة في المزار الجنوبي في الكرك بشكل عاجل لتجنب الحوادث.',
    'sent',
    now() - interval '6 hours',
    now() - interval '30 minutes'
  ),
  (
    'aaaaaaaa-6666-4666-8666-aaaaaaaaaaaa',
    '66666666-6666-4666-8666-666666666666',
    'https://images.unsplash.com/photo-1449824913935-59a10b8d2000?auto=format&fit=crop&w=900&q=80',
    29.5321,
    35.0063,
    'الثالثة',
    'العقبة',
    'مياه تتجمع في الشارع',
    'تصريف مياه',
    'medium',
    0.82,
    'needs_more_info',
    'الصورة لا توضح مصدر المياه بشكل كاف',
    'تظهر مياه متجمعة قرب طرف الطريق لكن مصدر التسرب غير واضح.',
    'نرجو الكشف على تجمع مياه في منطقة الثالثة في العقبة وتحديد مصدره لتجنب تلف الطريق وإعاقة المشاة.',
    'new',
    now() - interval '2 days',
    now() - interval '2 days'
  ),
  (
    'aaaaaaaa-7777-4777-8777-aaaaaaaaaaaa',
    '77777777-7777-4777-8777-777777777777',
    'https://images.unsplash.com/photo-1477959858617-67f85cf4f1df?auto=format&fit=crop&w=900&q=80',
    31.9845,
    35.8496,
    'صويلح',
    'عمان',
    'غطاء منهل مفقود',
    'مناهل',
    'urgent',
    0.98,
    'approved',
    'الخطر واضح ويتطلب متابعة عاجلة',
    'تظهر فتحة منهل غير مغطاة في مسار قريب من المركبات.',
    'نرجو معالجة منهل مفتوح في صويلح في عمان بصورة عاجلة لما يشكله من خطر مباشر على المركبات والمشاة.',
    'acknowledged',
    now() - interval '20 minutes',
    now() - interval '12 minutes'
  ),
  (
    'aaaaaaaa-8888-4888-8888-aaaaaaaaaaaa',
    '88888888-8888-4888-8888-888888888888',
    'https://images.unsplash.com/photo-1519501025264-65ba15a82390?auto=format&fit=crop&w=900&q=80',
    32.2787,
    35.8993,
    'جرش البلد',
    'جرش',
    'شاخصة مائلة',
    'شاخصات',
    'low',
    0.76,
    'rejected',
    'الصورة لا تثبت أن الشاخصة ضمن مرفق عام',
    'تظهر شاخصة مائلة لكن الإطار لا يوضح السياق العام للموقع.',
    'نرجو التحقق من شاخصة مائلة في جرش البلد عند توفر صورة أوضح للموقع.',
    'ignored',
    now() - interval '4 days',
    now() - interval '4 days'
  ),
  (
    'bbbbbbbb-1111-4111-8111-bbbbbbbbbbbb',
    '11111111-1111-4111-8111-111111111111',
    'https://images.unsplash.com/photo-1515165562835-c3b8c31f7f55?auto=format&fit=crop&w=900&q=80',
    31.9454,
    35.9284,
    'جبل الحسين',
    'عمان',
    null,
    'أثاث شارع',
    'low',
    0.72,
    'pending',
    'بانتظار مراجعة بشرية',
    'تظهر قطعة أثاث شارع متضررة في مساحة عامة.',
    'نرجو صيانة أحد عناصر أثاث الشارع المتضررة في جبل الحسين في عمان بعد التحقق من الموقع.',
    'new',
    now(),
    now()
  ),
  (
    'bbbbbbbb-2222-4222-8222-bbbbbbbbbbbb',
    '22222222-2222-4222-8222-222222222222',
    'https://images.unsplash.com/photo-1518005020951-eccb494ad742?auto=format&fit=crop&w=900&q=80',
    32.5351,
    35.8554,
    'جامعة اليرموك',
    'إربد',
    'حاوية ممتلئة',
    'نظافة',
    'medium',
    0.84,
    'approved',
    'المشكلة واضحة',
    'تظهر حاوية ممتلئة ونفايات حولها قرب منطقة حيوية.',
    'نرجو تفريغ الحاوية ومتابعة النظافة قرب جامعة اليرموك في إربد.',
    'fixed',
    now() - interval '6 days',
    now() - interval '5 days'
  ),
  (
    'bbbbbbbb-3333-4333-8333-bbbbbbbbbbbb',
    '33333333-3333-4333-8333-333333333333',
    'https://images.unsplash.com/photo-1494526585095-c41746248156?auto=format&fit=crop&w=900&q=80',
    32.0871,
    36.1004,
    'الرصيفة',
    'الزرقاء',
    'رصيف مغلق بمخلفات بناء',
    'رصيف',
    'high',
    0.88,
    'approved',
    'الصورة تظهر إعاقة واضحة للمشاة',
    'تظهر مخلفات بناء تعيق الرصيف وتجبر المشاة على السير في الشارع.',
    'نرجو إزالة مخلفات البناء التي تعيق الرصيف في الرصيفة في الزرقاء حفاظاً على سلامة المشاة.',
    'sent',
    now() - interval '12 hours',
    now() - interval '11 hours'
  ),
  (
    'bbbbbbbb-4444-4444-8444-bbbbbbbbbbbb',
    '44444444-4444-4444-8444-444444444444',
    'https://images.unsplash.com/photo-1486325212027-8081e485255e?auto=format&fit=crop&w=900&q=80',
    31.7219,
    35.7931,
    'ناعور',
    'عمان',
    'إنارة حديقة عامة ضعيفة',
    'إنارة عامة',
    'medium',
    0.79,
    'pending',
    'تحتاج مراجعة لتحديد الجهة المسؤولة',
    'تظهر حديقة عامة بإضاءة منخفضة في المساء.',
    'نرجو تحسين الإنارة في حديقة عامة في ناعور في عمان بعد تحديد الجهة المسؤولة عن الموقع.',
    'new',
    now() - interval '1 hour',
    now() - interval '1 hour'
  )
on conflict (id) do nothing;

insert into public.report_votes (report_id, telegram_user_id, vote, created_at) values
  ('aaaaaaaa-1111-4111-8111-aaaaaaaaaaaa', 'tg_vote_1', 'still_there', now() - interval '1 hour'),
  ('aaaaaaaa-2222-4222-8222-aaaaaaaaaaaa', 'tg_vote_2', 'fixed', now() - interval '8 hours'),
  ('aaaaaaaa-3333-4333-8333-aaaaaaaaaaaa', 'tg_vote_3', 'still_there', now() - interval '2 hours'),
  ('aaaaaaaa-8888-4888-8888-aaaaaaaaaaaa', 'tg_vote_4', 'fake', now() - interval '3 days'),
  ('bbbbbbbb-2222-4222-8222-bbbbbbbbbbbb', 'tg_vote_5', 'fixed', now() - interval '4 days')
on conflict (id) do nothing;
